I swear I‚Äôm getting to places just in the nick of time! It‚Äôs exhausting @Sam_Schulman RT @MaireadEvvoMc: Made your bed, now lie in the flea pit you created 'Tourists go home, refugees welcome': why Barcelona chose migrants over visitors https://t.co/gtLMcuFC5p	0	0	0	0	0	0
I‚Äôm an immigrant ‚Äî and Trump is right on immigration - https://t.co/Pldngi5fmv...‚Å¶@matt_cam‚Å©, can you give you insights on this story? https://t.co/DjuIzVb2oN	0	0	0	0	0	0
#IllegalImmigrants #IllegalAliens #ElectoralSystem #ElectoralCollege I‚Äôm going to shock some people here:  America is NOT a #Democracy, America is a #Republic.  Even more defined America is a Representative Republic.  In a TRUE... https://t.co/kcZqVEaR93	1	1	0	0	0	1
@DRUDGE_REPORT We have our own invasion issues with Mexicans. #BuildThatWall	1	1	0	0	1	1
Worker Charged With Sexually Molesting Eight Children at Immigrant Shelter  https://t.co/N2nnTiJ2ig	0	0	0	0	0	0
UN picks refugees for UK, picks mostly Syrian Muslims https://t.co/0jRjXVsuEX https://t.co/Qq99l6SaVz	0	0	0	0	0	0
@htTweets Delhi will be much better under Prez Rule,than being under this Anarchist ,who doesn't believe in conciliatory or consensus building.JUST WISH TO FOLLOW EITHER MY WAY OR NO WAY. Have reduced Delhi to slum by encouraging squatters,illegal migrant	1	0	0	0	1	0
Global Compact on Migration moves forward https://t.co/cDH8MvNynx #WithRefugees #GlobalCompact @RCKDirector @refugeeaffairs @UNHCR_Kenya @drckenya @tyrusmaina	0	0	0	0	0	0
Violence toward tourists in Barcelona, Spain -- "Tourists Go Home" " Refugees Welcome".  @VisitBCN_EN @visitcatalonia https://t.co/KZIEpzeQ4w	1	0	0	0	0	0
Immigration decline costing UK economy billions, says think thank | The Independent - https://t.co/afUV2Rn81v	0	0	0	0	0	0
@NBCPolitics @MSNBC After 20 days in jail the kids of the illigal refugees must get free. Than nobody should care to them and give them food. The only chance the whole familiy can go home and leave the USA. And sure it must made a supoer big wall to prote	1	1	0	0	1	1
@CBPArizona This is insane. 125 last weekend. #BuildThatWall !Arizona invasion @realDonaldTrump @dougducey	1	1	0	0	1	1
Reality Nike, He Did It, unlike you and all your groupies, never buy your product again, enough is enough, ugly crap you are doing here @potus @realDonaldTrump #BuildTheWall #LockThemUp #EndDACA #BoycottNFL #BoycottNike enough already, love my FLAG !!!!	1	1	0	0	1	0
Libyan coast guard rescues some 160 #Europe-bound migrants https://t.co/jgMZ1Bb2oT	0	0	0	0	0	0
We need to encourage President Trump to keep trying to ban more refugees. https://t.co/HWyN4kAglZ	1	1	0	0	0	0
Watch: Bangladeshi immigrant thinks he is above the law in Sweden - Free Speech Time - https://t.co/RZquRKAqTv @ISupport_Israel	0	1	0	0	0	0
Our Immigration Legal Services department is now accepting new clients! Please call (773) 583-9191 or stop by our office between 10-2 to request an intake appointment! https://t.co/RDl6rSPdNi	0	0	0	0	0	0
Texas woman, 21, dies after falling from moving SUV, may have been pushed by illegal alien driverhttps://t.co/3t0PH9Hd0s#InOurBackyard#BuildTheWall #PreventableDeath #SecureTheBorder #StopTheInvasion #TherIsMoreOfThemOutThere #AllIllegalAliensAreLawbreakers	1	0	0	0	1	0
We must reject the "globalization of indifference" toward refugees, says the president of the International Catholic Migration Commission. https://t.co/RtZRiHxw2v	0	0	0	0	0	0
#ClimateChange doesn't have to be a partisan issue. Among voters, it already isn't, according to polls. Congress has to take notice: people of all political ideologies acknowledge that the U.S. needs to #ActOnClimate https://t.co/gCpjPXzosN	0	0	0	0	0	0
The UN calls on #TrumpAdministration to stop separating immigrant children from parents #UnitedNations... https://t.co/SFGZ8MLcvk https://t.co/hhOwoAhPpi	0	0	0	0	0	0
Lessons From the Past: Why Eastern European Nations Reject Muslim Migrants https://t.co/IRDAG911d3 0/lessons-past-eastern-european-nations-reject-muslim-migrants/ Sweden ‚Äîwhere rape has increased by 1,472% since embracing ‚Äúmulticulturalism‚Äù‚Äîis reportedly on the verge of collapse.	1	0	0	0	1	0
#EU grants #Spain extra funding to cope with migrant arrivals https://t.co/CRR4cRuVHN	0	0	0	0	0	0
@lilmaggie186 @Jim_Jordan Illegals too? #BuildThatWall #AmericaFirst God Bless America and @POTUS	1	1	0	0	1	0
France adopts tough new law on asylum, immigration https://t.co/Cy7kZorCgb	0	1	0	0	0	1
Tourists go home, refugees welcome': why Barcelona chose migrants over visitors https://t.co/d0wtFrkpNz	0	0	0	0	0	0
Europe wants centers in Africa to vet migrants‚Äò¬§ Critics say it‚Äôs abdicating its responsibilities‚Äò¬§ https://t.co/ptlSD7jM1w	0	0	0	0	0	0
Paris suburb aka Muslim no go zone home to 300,000 illegal immigrants, report says @VP https://t.co/ITCNwDZgGS #FoxNews	0	0	0	0	0	0
Lost - but happy ! Merkel co. has not realized who the reality really is. Poor Germany which want go on to love refugees. https://t.co/cqDtwYUaVU	1	1	0	0	0	0
@mamendoza480 @AnthemRespect @KamalaHarris Refused To Help Disabled Iraq War Vet After Illegal Immigrants Stole  His ID Cost him Student Aid and made Him Homeless  https://t.co/HTEXX2HI2U	0	0	0	0	0	0
This is why @IDMC_Geneva looks into returns of both refugees and IDPs in Iraq and elsewhere - human suffering and negative development trajectories go hand in hand here:   https://t.co/FaTqJOuAnX	0	0	0	0	0	0
@realDonaldTrump Thinking #WhiteGenocide #BuildThatWall	1	1	0	0	1	1
Another immigrant sexual assault case being ignored by the MSM. https://t.co/4NUNEDTzNP	0	0	0	0	0	0
@realDonaldTrump 2977 people were murdered by illegal aliens in New York City, Washington DC & Shanksville Pennsylvania on 9/11/01 Help memorialize them today! Visit https://t.co/NK58yRjGej to help. Please #RETWEET #ThursdayThoughts #NeverForget  #BuildTh	1	1	0	0	0	0
Juncker response on migrants a step forward says Conte https://t.co/Tm2ohreYxV	0	0	0	0	0	0
ICE launches new immigration sweeps in L.A. area; at least 100 detained so farhttps://t.co/v3IIyMkZi2#AgainstAllEnemies #MoreOfThisPlease #TheICEManCometh #StopTheInvasion	1	1	0	0	0	1
The 8 immigrant boys who were molested while in US custody, was by man who is HIV positive! Let that sink in! #ApathyKills üò† ‚Äî looking for Compassion	0	0	0	0	0	0
Cameron stopped immigrants voting on the EU in or out vote he learned from the scots independence That immigrants can be a negative infeuenc	1	1	0	0	0	1
Anti-Trump immigration demo crossing Brooklyn Bridge in New York https://t.co/ytVaQlM8TU	0	0	0	0	0	0
Search continues for five suspected refugees who fled from lorry https://t.co/n4yCATRL7F https://t.co/2vWvlHdXtz	0	0	0	0	0	0
@TheAnaBraga I have to wonder if he supports another very well known model that happens to be an immigrant and has had some fleshy pictures published in the past.She lives in the Whitehouse now.  And as far as I can tell is an incredible person.  Would sh	0	0	0	0	0	0
Germany try to deport criminel Afghanistan refugees back home. Till now they have brought 128 persons back home in 8 special flights. https://t.co/bBpXypevjY	1	0	0	0	0	0
They are not 'immigrants' they are invaders. #sendthemback @AustLiberty @OzraeliAvi #auspol https://t.co/HBdQ6wytIH	1	1	0	0	1	0
trying to connect to your home culture through your immigrant parents is like listening to a bunch of boomers describe what's wrong with america lol	0	0	0	0	0	0
MSF to offer health care in Evros, as refugee arrivals rise https://t.co/NUCORADYP8	0	0	0	0	0	0
@ChouhanShivraj No scam of this magnitude can take place without connivance of top.Pl fearlessly expose the nexus&amp;get the guilty punished	0	0	0	0	0	0
Congrats to my brother! Added another degree to the family! 3 / 4 siblings ... how‚Äôs that for statistics of an immigrant family?! üòù	0	0	0	0	0	0
Hungarian government slams EU's attitude towards mass migration https://t.co/Y1f2yjjPvf	0	0	0	0	0	0
Unless you‚Äôre a third world rapefugee. https://t.co/UnZn153Q66	1	0	0	0	1	0
Immigrant Teens Say Restraint Chairs Were Used To Strap Them Down In Detention Centers   https://t.co/sbcfBKry65 #SmartNews	0	0	0	0	0	0
Deep State Is WAY Deeper Than You Can Imagine https://t.co/wtzg0JfHwl	0	0	0	0	0	0
